,Features,Importance
0,School GPA (Recalculated)_1,0.21227165269718457
1,School Backlogs_1,0.12067483344079084
2,Total_experience_years,0.06713947990543732
3,latest_school_duration_in_year,0.05647969052224368
4,School_Gap_in_Years,0.04395013969482051
6,GRE Quantitative,0.0356329249946271
5,Converted English Prof Score,0.03541800988609498
7,GRE Verbal,0.024328390285837043
11,School Major Category_1,0.01940683430045127
8,Gap_from_last_job,0.016806361487212505
9,GRE Analytical Writing,0.015151515151515105
10,Standardized test given,0.0
