,Features,Importance
0,School GPA (Recalculated)_1,0.2118725447402881
1,School Backlogs_1,0.12426887821911833
2,Total_experience_years,0.06263640331732874
3,latest_school_duration_in_year,0.061741597555652616
11,School Major_1,0.04432562199912708
4,School_Gap_in_Years,0.039131383675251055
6,GRE Quantitative,0.03247490178961158
5,Converted English Prof Score,0.022959406372763023
7,GRE Verbal,0.022915757311217855
8,Gap_from_last_job,0.015255347010039343
9,GRE Analytical Writing,0.008227848101265867
10,Standardized test given,0.0
