,Features,Importance
1,School Backlogs_1,0.10192660550458714
0,School GPA (Recalculated)_1,0.03743119266055045
4,School_Gap_in_Years,0.02559633027522934
3,latest_school_duration_in_year,0.017798165137614674
2,Total_experience_years,0.009999999999999986
8,Gap_from_last_job,0.008532110091743095
11,School Major_1,0.008165137614678897
5,Converted English Prof Score,0.006972477064220184
7,GRE Verbal,0.0029357798165137506
6,GRE Quantitative,0.0006422018348623659
9,GRE Analytical Writing,0.0
10,Standardized test given,0.0
