,Features,Importance
1,School Backlogs_1,0.08945548833189282
0,School GPA (Recalculated)_1,0.04675885911840967
4,School_Gap_in_Years,0.025064822817631817
5,Converted English Prof Score,0.012359550561797772
3,latest_school_duration_in_year,0.011668107173725184
7,GRE Verbal,0.008210890233362134
2,Total_experience_years,0.008124459809853057
8,Gap_from_last_job,0.005790838375108021
11,School Major Category_1,0.0006050129645635338
6,GRE Quantitative,0.0004321521175453813
9,GRE Analytical Writing,0.0
10,Standardized test given,0.0
